name,address,size,signature
sub_401000,00401000,115,undefined sub_401000()
sub_401080,00401080,111,undefined sub_401080()
sub_4010F0,004010f0,250,undefined sub_4010F0()
sub_401210,00401210,510,undefined sub_401210()
sub_401430,00401430,435,undefined sub_401430()
sub_4015F0,004015f0,387,undefined sub_4015F0()
sub_401780,00401780,157,undefined sub_401780()
sub_401820,00401820,3820,undefined sub_401820()
sub_402810,00402810,42,undefined sub_402810()
sub_402840,00402840,208,undefined sub_402840()
sub_402910,00402910,72,undefined sub_402910()
sub_402960,00402960,1121,undefined sub_402960()
sub_402DD0,00402dd0,532,undefined sub_402DD0()
sub_403020,00403020,1698,undefined sub_403020()
sub_4036D0,004036d0,1023,undefined sub_4036D0()
sub_403AD0,00403ad0,1033,undefined sub_403AD0()
sub_403EE0,00403ee0,864,undefined sub_403EE0()
sub_404240,00404240,176,undefined sub_404240()
sub_4042F0,004042f0,1005,undefined sub_4042F0()
sub_4046E0,004046e0,1224,undefined sub_4046E0()
sub_404BB0,00404bb0,84,undefined sub_404BB0()
sub_404C10,00404c10,63,undefined sub_404C10()
sub_404C50,00404c50,64,undefined sub_404C50()
sub_404C90,00404c90,39,undefined sub_404C90()
sub_404CC0,00404cc0,147,undefined sub_404CC0()
sub_404D60,00404d60,68,undefined sub_404D60()
sub_404DB0,00404db0,212,undefined sub_404DB0()
sub_404E90,00404e90,827,undefined sub_404E90()
sub_4051D0,004051d0,745,undefined sub_4051D0()
sub_4054C0,004054c0,512,undefined sub_4054C0()
sub_405720,00405720,103,undefined sub_405720()
sub_405790,00405790,42,undefined sub_405790()
sub_4057C0,004057c0,53,undefined sub_4057C0()
sub_405800,00405800,34,undefined sub_405800()
sub_405830,00405830,59,undefined sub_405830()
sub_405870,00405870,34,undefined sub_405870()
sub_4058A0,004058a0,178,undefined sub_4058A0()
sub_405960,00405960,401,undefined sub_405960()
sub_405B00,00405b00,157,undefined sub_405B00()
sub_405BA0,00405ba0,82,undefined sub_405BA0()
sub_405C00,00405c00,71,undefined sub_405C00()
sub_405C50,00405c50,79,undefined sub_405C50()
sub_405D00,00405d00,87,undefined sub_405D00()
sub_405D60,00405d60,542,undefined sub_405D60()
sub_406010,00406010,142,undefined sub_406010()
sub_4060A0,004060a0,28,undefined sub_4060A0()
sub_4060C0,004060c0,1161,undefined sub_4060C0()
sub_4065D0,004065d0,355,undefined sub_4065D0()
sub_406740,00406740,6,undefined sub_406740()
sub_4067B0,004067b0,207,undefined sub_4067B0()
sub_406880,00406880,265,undefined sub_406880()
sub_406990,00406990,124,undefined sub_406990()
sub_406A10,00406a10,158,undefined sub_406A10()
sub_406AB0,00406ab0,403,undefined sub_406AB0()
sub_406C50,00406c50,210,undefined sub_406C50()
sub_406D30,00406d30,244,undefined sub_406D30()
sub_406E30,00406e30,11,undefined sub_406E30()
sub_406E40,00406e40,723,undefined sub_406E40()
sub_407140,00407140,130,undefined sub_407140()
sub_4071D0,004071d0,106,undefined sub_4071D0()
sub_407240,00407240,4257,undefined sub_407240()
sub_408300,00408300,31,undefined sub_408300()
sub_408320,00408320,98,undefined sub_408320()
sub_408390,00408390,8,undefined sub_408390()
sub_4083A0,004083a0,206,undefined sub_4083A0()
sub_408470,00408470,1277,undefined sub_408470()
sub_409510,00409510,292,undefined sub_409510()
sub_40C000,0040c000,581,undefined sub_40C000()
sub_40C250,0040c250,226,undefined sub_40C250()
sub_40C340,0040c340,460,undefined sub_40C340()
sub_40C510,0040c510,456,undefined sub_40C510()
sub_40C6E0,0040c6e0,881,undefined sub_40C6E0()
sub_40CAB0,0040cab0,1072,undefined sub_40CAB0()
sub_40CF10,0040cf10,267,undefined sub_40CF10()
sub_40D020,0040d020,265,undefined sub_40D020()
sub_40D130,0040d130,249,undefined sub_40D130()
sub_40D230,0040d230,48,undefined sub_40D230()
sub_40D260,0040d260,82,undefined sub_40D260()
sub_40D2C0,0040d2c0,49,undefined sub_40D2C0()
sub_40D300,0040d300,166,undefined sub_40D300()
sub_40D3B0,0040d3b0,153,undefined sub_40D3B0()
sub_40D450,0040d450,42,undefined sub_40D450()
sub_40D4C0,0040d4c0,973,undefined sub_40D4C0()
sub_40D890,0040d890,50,undefined sub_40D890()
sub_40D920,0040d920,24,undefined sub_40D920()
sub_40D940,0040d940,37,undefined sub_40D940()
sub_40D970,0040d970,509,undefined sub_40D970()
sub_40DB70,0040db70,24,undefined sub_40DB70()
sub_40DB90,0040db90,456,undefined sub_40DB90()
sub_40DD60,0040dd60,635,undefined sub_40DD60()
sub_40E050,0040e050,10,undefined sub_40E050()
sub_40E060,0040e060,12,undefined sub_40E060()
sub_40E080,0040e080,17,undefined sub_40E080()
sub_40E0A0,0040e0a0,29,undefined sub_40E0A0()
sub_40E0C0,0040e0c0,1067,undefined sub_40E0C0()
sub_40E4F0,0040e4f0,199,undefined sub_40E4F0()
sub_40E610,0040e610,25,undefined sub_40E610()
sub_40E630,0040e630,85,undefined sub_40E630()
sub_40E690,0040e690,90,undefined sub_40E690()
sub_40E6F0,0040e6f0,252,undefined sub_40E6F0()
sub_40E7F0,0040e7f0,61,undefined sub_40E7F0()
sub_40E830,0040e830,76,undefined sub_40E830()
sub_40E880,0040e880,219,undefined sub_40E880()
sub_40E9A0,0040e9a0,159,undefined sub_40E9A0()
sub_40ECA0,0040eca0,37,undefined sub_40ECA0()
sub_40ECD0,0040ecd0,175,undefined sub_40ECD0()
sub_40F060,0040f060,270,undefined sub_40F060()
sub_40F170,0040f170,169,undefined sub_40F170()
sub_40F220,0040f220,102,undefined sub_40F220()
sub_40F290,0040f290,66,undefined sub_40F290()
sub_40F310,0040f310,72,undefined sub_40F310()
sub_40F360,0040f360,77,undefined sub_40F360()
sub_40F3B0,0040f3b0,118,undefined sub_40F3B0()
sub_40F430,0040f430,73,undefined sub_40F430()
sub_40F4C0,0040f4c0,10,undefined sub_40F4C0()
sub_40F4D0,0040f4d0,12,undefined sub_40F4D0()
sub_40F4F0,0040f4f0,1687,undefined sub_40F4F0()
Catch@0040fb87,0040fb87,67,undefined Catch@0040fb87()
sub_40FBE0,0040fbe0,104,undefined sub_40FBE0()
sub_40FC50,0040fc50,57,undefined sub_40FC50()
sub_40FD00,0040fd00,128,undefined sub_40FD00()
sub_40FD80,0040fd80,140,undefined sub_40FD80()
sub_40FE10,0040fe10,23,undefined sub_40FE10()
sub_40FE30,0040fe30,261,undefined sub_40FE30()
sub_40FF40,0040ff40,129,undefined sub_40FF40()
sub_40FFD0,0040ffd0,854,undefined sub_40FFD0()
sub_410330,00410330,248,undefined sub_410330()
sub_410430,00410430,75,undefined sub_410430()
sub_410480,00410480,208,undefined sub_410480()
sub_410550,00410550,234,undefined sub_410550()
Catch@0041063a,0041063a,100,undefined Catch@0041063a()
sub_4106C0,004106c0,51,undefined sub_4106C0()
sub_410700,00410700,1874,undefined sub_410700()
Catch@00410e52,00410e52,101,undefined Catch@00410e52()
sub_410ED0,00410ed0,297,undefined sub_410ED0()
sub_411000,00411000,1019,undefined sub_411000()
Catch@004113fb,004113fb,98,undefined Catch@004113fb()
sub_4114A0,004114a0,69,undefined sub_4114A0()
sub_4114F0,004114f0,300,undefined sub_4114F0()
sub_411620,00411620,135,undefined sub_411620()
sub_4116D0,004116d0,1540,undefined sub_4116D0()
Catch@00411cd4,00411cd4,140,undefined Catch@00411cd4()
sub_411D60,00411d60,1362,undefined sub_411D60()
Catch@004122b2,004122b2,95,undefined Catch@004122b2()
sub_412320,00412320,708,undefined sub_412320()
Catch@004125e4,004125e4,82,undefined Catch@004125e4()
sub_412940,00412940,197,undefined sub_412940()
sub_412A10,00412a10,487,undefined sub_412A10()
sub_412C00,00412c00,169,undefined sub_412C00()
sub_412CB0,00412cb0,133,undefined sub_412CB0()
sub_412D70,00412d70,30,undefined sub_412D70()
sub_412D90,00412d90,189,undefined sub_412D90()
sub_412E50,00412e50,181,undefined sub_412E50()
sub_412F10,00412f10,222,undefined sub_412F10()
sub_412FF0,00412ff0,183,undefined sub_412FF0()
sub_4130B0,004130b0,179,undefined sub_4130B0()
sub_413170,00413170,238,undefined sub_413170()
sub_413260,00413260,230,undefined sub_413260()
sub_413350,00413350,58,undefined sub_413350()
sub_413390,00413390,238,undefined sub_413390()
sub_4134C0,004134c0,35,undefined sub_4134C0()
sub_4134F0,004134f0,31,undefined sub_4134F0()
sub_413510,00413510,88,undefined sub_413510()
sub_413570,00413570,80,undefined sub_413570()
sub_4135C0,004135c0,222,undefined sub_4135C0()
sub_4136C0,004136c0,16,undefined sub_4136C0()
sub_4136D0,004136d0,37,undefined sub_4136D0()
sub_413700,00413700,68,undefined sub_413700()
sub_413750,00413750,53,undefined sub_413750()
sub_4137B0,004137b0,28,undefined sub_4137B0()
sub_4137D0,004137d0,67,undefined sub_4137D0()
sub_413820,00413820,124,undefined sub_413820()
sub_4138A0,004138a0,378,undefined sub_4138A0()
sub_413A20,00413a20,62,undefined sub_413A20()
sub_413A60,00413a60,172,undefined sub_413A60()
sub_413B10,00413b10,7,undefined sub_413B10()
sub_413B20,00413b20,202,undefined sub_413B20()
sub_413BF0,00413bf0,72,undefined sub_413BF0()
sub_413C40,00413c40,89,undefined sub_413C40()
Catch@00413c99,00413c99,33,undefined Catch@00413c99()
sub_413CC0,00413cc0,136,undefined sub_413CC0()
sub_413D80,00413d80,18,undefined sub_413D80()
sub_413DA0,00413da0,362,undefined sub_413DA0()
sub_413F10,00413f10,282,undefined sub_413F10()
sub_414030,00414030,293,undefined sub_414030()
sub_414160,00414160,512,undefined sub_414160()
sub_414360,00414360,17,undefined sub_414360()
sub_414380,00414380,6,undefined sub_414380()
sub_414390,00414390,201,undefined sub_414390()
sub_414460,00414460,362,undefined sub_414460()
sub_414600,00414600,122,undefined sub_414600()
sub_4146B0,004146b0,199,undefined sub_4146B0()
sub_414780,00414780,2092,undefined sub_414780()
sub_414FB0,00414fb0,6,undefined sub_414FB0()
sub_414FC0,00414fc0,21,undefined sub_414FC0()
sub_414FE0,00414fe0,36,undefined sub_414FE0()
sub_4152D0,004152d0,12,undefined sub_4152D0()
sub_415340,00415340,65,undefined sub_415340()
sub_415390,00415390,492,undefined sub_415390()
sub_4155B0,004155b0,33,undefined sub_4155B0()
sub_4155E0,004155e0,11,undefined sub_4155E0()
sub_4155F0,004155f0,51,undefined sub_4155F0()
sub_415690,00415690,1024,undefined sub_415690()
sub_415A90,00415a90,30,undefined sub_415A90()
sub_415AB0,00415ab0,27,undefined sub_415AB0()
sub_415AD0,00415ad0,27,undefined sub_415AD0()
sub_415AF0,00415af0,27,undefined sub_415AF0()
sub_415B10,00415b10,21,undefined sub_415B10()
sub_4170A0,004170a0,23,undefined sub_4170A0()
sub_4170C0,004170c0,19,undefined sub_4170C0()
sub_4170E0,004170e0,110,undefined sub_4170E0()
sub_417150,00417150,74,undefined sub_417150()
sub_417260,00417260,269,undefined sub_417260()
sub_417690,00417690,46,undefined sub_417690()
sub_417750,00417750,701,undefined sub_417750()
sub_4184E0,004184e0,168,undefined sub_4184E0()
sub_418970,00418970,89,undefined sub_418970()
sub_418AA0,00418aa0,273,undefined sub_418AA0()
sub_418C10,00418c10,182,undefined sub_418C10()
sub_418D80,00418d80,346,undefined sub_418D80()
sub_418EE0,00418ee0,729,undefined sub_418EE0()
sub_4191C0,004191c0,183,undefined sub_4191C0()
sub_419280,00419280,344,undefined sub_419280()
sub_419460,00419460,165,undefined sub_419460()
sub_419510,00419510,170,undefined sub_419510()
sub_4195C0,004195c0,13,undefined sub_4195C0()
sub_4195D0,004195d0,128,undefined sub_4195D0()
sub_419650,00419650,124,undefined sub_419650()
sub_4196D0,004196d0,216,undefined sub_4196D0()
sub_419810,00419810,471,undefined sub_419810()
sub_4199F0,004199f0,102,undefined sub_4199F0()
sub_419A60,00419a60,354,undefined sub_419A60()
sub_419BD0,00419bd0,552,undefined sub_419BD0()
sub_419E00,00419e00,799,undefined sub_419E00()
sub_41A160,0041a160,179,undefined sub_41A160()
sub_41A220,0041a220,256,undefined sub_41A220()
sub_41A3A0,0041a3a0,58,undefined sub_41A3A0()
sub_41A440,0041a440,60,undefined sub_41A440()
sub_41A480,0041a480,337,undefined sub_41A480()
sub_41A5E0,0041a5e0,783,undefined sub_41A5E0()
sub_41A920,0041a920,457,undefined sub_41A920()
sub_41AAF0,0041aaf0,1,undefined sub_41AAF0()
sub_41ABC0,0041abc0,211,undefined sub_41ABC0()
sub_41ACA0,0041aca0,64,undefined sub_41ACA0()
sub_41ADA0,0041ada0,122,undefined sub_41ADA0()
sub_41AE20,0041ae20,216,undefined sub_41AE20()
sub_41AF00,0041af00,60,undefined sub_41AF00()
sub_41AF40,0041af40,22,undefined sub_41AF40()
sub_41AFC0,0041afc0,371,undefined sub_41AFC0()
sub_41B140,0041b140,1786,undefined sub_41B140()
sub_41B8A0,0041b8a0,358,undefined sub_41B8A0()
sub_41BA10,0041ba10,370,undefined sub_41BA10()
sub_41BB90,0041bb90,184,undefined sub_41BB90()
sub_41BCB0,0041bcb0,11,undefined sub_41BCB0()
sub_41BCC0,0041bcc0,38,undefined sub_41BCC0()
sub_41BCF0,0041bcf0,114,undefined sub_41BCF0()
sub_41BD70,0041bd70,64,undefined sub_41BD70()
sub_41BDB0,0041bdb0,296,undefined sub_41BDB0()
sub_41BEE0,0041bee0,77,undefined sub_41BEE0()
sub_41BF30,0041bf30,31,undefined sub_41BF30()
sub_41BF80,0041bf80,24,undefined sub_41BF80()
sub_41BFA0,0041bfa0,21,undefined sub_41BFA0()
sub_41BFC0,0041bfc0,62,undefined sub_41BFC0()
sub_41C000,0041c000,66,undefined sub_41C000()
sub_41C050,0041c050,144,undefined sub_41C050()
sub_41C0E0,0041c0e0,123,undefined sub_41C0E0()
sub_41C160,0041c160,25,undefined sub_41C160()
sub_41C180,0041c180,23,undefined sub_41C180()
sub_41C1A0,0041c1a0,25,undefined sub_41C1A0()
sub_41C1C0,0041c1c0,21,undefined sub_41C1C0()
sub_41C1E0,0041c1e0,73,undefined sub_41C1E0()
sub_41C230,0041c230,799,undefined sub_41C230()
sub_41C5A0,0041c5a0,122,undefined sub_41C5A0()
sub_41C620,0041c620,23,undefined sub_41C620()
sub_41C640,0041c640,468,undefined sub_41C640()
sub_41C820,0041c820,395,undefined sub_41C820()
sub_41C9B0,0041c9b0,29,undefined sub_41C9B0()
sub_41C9D0,0041c9d0,17,undefined sub_41C9D0()
sub_41C9F0,0041c9f0,32,undefined sub_41C9F0()
sub_41CA10,0041ca10,238,undefined sub_41CA10()
sub_41CB00,0041cb00,150,undefined sub_41CB00()
sub_41CBA0,0041cba0,59,undefined sub_41CBA0()
sub_41CBE0,0041cbe0,129,undefined sub_41CBE0()
sub_41CC70,0041cc70,73,undefined sub_41CC70()
sub_41CCC0,0041ccc0,65,undefined sub_41CCC0()
sub_41CD10,0041cd10,96,undefined sub_41CD10()
sub_41CD70,0041cd70,50,undefined sub_41CD70()
sub_41CDB0,0041cdb0,22,undefined sub_41CDB0()
sub_41CDD0,0041cdd0,89,undefined sub_41CDD0()
sub_41CEE0,0041cee0,983,undefined sub_41CEE0()
sub_41D2C0,0041d2c0,101,undefined sub_41D2C0()
sub_41D330,0041d330,13,undefined sub_41D330()
sub_41D340,0041d340,11,undefined sub_41D340()
sub_41D350,0041d350,1491,undefined sub_41D350()
Catch@0041d923,0041d923,82,undefined Catch@0041d923()
sub_41D980,0041d980,59,undefined sub_41D980()
sub_41D9C0,0041d9c0,259,undefined sub_41D9C0()
sub_41DAD0,0041dad0,82,undefined sub_41DAD0()
sub_41DB40,0041db40,193,undefined sub_41DB40()
sub_41DC10,0041dc10,34,undefined sub_41DC10()
sub_41DC40,0041dc40,220,undefined sub_41DC40()
sub_41DD20,0041dd20,94,undefined sub_41DD20()
sub_41DD80,0041dd80,17,undefined sub_41DD80()
sub_41DF60,0041df60,90,undefined sub_41DF60()
sub_41E020,0041e020,355,undefined sub_41E020()
sub_41E190,0041e190,19,undefined sub_41E190()
sub_41E1B0,0041e1b0,11,undefined sub_41E1B0()
sub_41E1C0,0041e1c0,521,undefined sub_41E1C0()
sub_41E4B0,0041e4b0,352,undefined sub_41E4B0()
sub_41E610,0041e610,112,undefined sub_41E610()
sub_41E680,0041e680,70,undefined sub_41E680()
sub_41E730,0041e730,89,undefined sub_41E730()
sub_41E790,0041e790,25,undefined sub_41E790()
sub_41E7B0,0041e7b0,110,undefined sub_41E7B0()
sub_41E820,0041e820,66,undefined sub_41E820()
sub_41E870,0041e870,228,undefined sub_41E870()
sub_41E960,0041e960,44,undefined sub_41E960()
sub_41E990,0041e990,219,undefined sub_41E990()
sub_41EA70,0041ea70,401,undefined sub_41EA70()
sub_41EC10,0041ec10,82,undefined sub_41EC10()
sub_41EC70,0041ec70,108,undefined sub_41EC70()
sub_41ECE0,0041ece0,108,undefined sub_41ECE0()
sub_41ED50,0041ed50,52,undefined sub_41ED50()
sub_41ED90,0041ed90,47,undefined sub_41ED90()
sub_41EDC0,0041edc0,21,undefined sub_41EDC0()
sub_41EDE0,0041ede0,41,undefined sub_41EDE0()
sub_41EE10,0041ee10,48,undefined sub_41EE10()
sub_41EE40,0041ee40,26,undefined sub_41EE40()
sub_41EE60,0041ee60,20,undefined sub_41EE60()
sub_41EE80,0041ee80,29,undefined sub_41EE80()
sub_41EEA0,0041eea0,56,undefined sub_41EEA0()
sub_41EEE0,0041eee0,21,undefined sub_41EEE0()
sub_41EF00,0041ef00,47,undefined sub_41EF00()
sub_41EF30,0041ef30,49,undefined sub_41EF30()
sub_41EF70,0041ef70,322,undefined sub_41EF70()
sub_41F0C0,0041f0c0,1231,undefined sub_41F0C0()
sub_41F590,0041f590,99,undefined sub_41F590()
sub_41F600,0041f600,45,undefined sub_41F600()
sub_41F630,0041f630,173,undefined sub_41F630()
sub_41F770,0041f770,317,undefined sub_41F770()
sub_41F8B0,0041f8b0,375,undefined sub_41F8B0()
sub_41FA30,0041fa30,250,undefined sub_41FA30()
sub_41FB30,0041fb30,11212,undefined sub_41FB30()
sub_422740,00422740,7599,undefined sub_422740()
sub_424590,00424590,227,undefined sub_424590()
sub_424680,00424680,132,undefined sub_424680()
sub_424710,00424710,483,undefined sub_424710()
sub_424B60,00424b60,38,undefined sub_424B60()
sub_424B90,00424b90,30,undefined sub_424B90()
sub_424BB0,00424bb0,40,undefined sub_424BB0()
sub_424BE0,00424be0,2276,undefined sub_424BE0()
sub_4254F0,004254f0,17,undefined sub_4254F0()
sub_425540,00425540,95,undefined sub_425540()
sub_4255A0,004255a0,6,undefined sub_4255A0()
sub_4255B0,004255b0,265,undefined sub_4255B0()
sub_4256C0,004256c0,1249,undefined sub_4256C0()
sub_425BB0,00425bb0,67,undefined sub_425BB0()
sub_425C00,00425c00,67,undefined sub_425C00()
sub_425CB0,00425cb0,135,undefined sub_425CB0()
sub_425D40,00425d40,1901,undefined sub_425D40()
sub_4264B0,004264b0,74,undefined sub_4264B0()
sub_426500,00426500,1,undefined sub_426500()
sub_426510,00426510,471,undefined sub_426510()
sub_4266F0,004266f0,67,undefined sub_4266F0()
sub_426740,00426740,156,undefined sub_426740()
sub_4267E0,004267e0,127,undefined sub_4267E0()
sub_426860,00426860,3,undefined sub_426860()
sub_426870,00426870,24,undefined sub_426870()
sub_426890,00426890,41,undefined sub_426890()
sub_4268C0,004268c0,702,undefined sub_4268C0()
sub_426BB0,00426bb0,60,undefined sub_426BB0()
sub_426BF0,00426bf0,2997,undefined sub_426BF0()
sub_4277B0,004277b0,1060,undefined sub_4277B0()
sub_427BE0,00427be0,84,undefined sub_427BE0()
sub_427C40,00427c40,375,undefined sub_427C40()
sub_427D90,00427d90,98,undefined sub_427D90()
sub_427E00,00427e00,62,undefined sub_427E00()
sub_427E40,00427e40,70,undefined sub_427E40()
sub_427E90,00427e90,84,undefined sub_427E90()
sub_427FB0,00427fb0,49,undefined sub_427FB0()
sub_427FF0,00427ff0,25,undefined sub_427FF0()
sub_428010,00428010,170,undefined sub_428010()
sub_4280C0,004280c0,279,undefined sub_4280C0()
sub_4281E0,004281e0,48,undefined sub_4281E0()
sub_428210,00428210,656,undefined sub_428210()
sub_4284A0,004284a0,42,undefined sub_4284A0()
sub_428700,00428700,179,undefined sub_428700()
sub_4287C0,004287c0,1431,undefined sub_4287C0()
sub_428D60,00428d60,25,undefined sub_428D60()
sub_428D80,00428d80,283,undefined sub_428D80()
sub_428EA0,00428ea0,3069,undefined sub_428EA0()
sub_429B70,00429b70,178,undefined sub_429B70()
sub_429C30,00429c30,262,undefined sub_429C30()
sub_429D40,00429d40,106,undefined sub_429D40()
sub_429DB0,00429db0,79,undefined sub_429DB0()
sub_429E00,00429e00,2100,undefined sub_429E00()
sub_42A700,0042a700,289,undefined sub_42A700()
sub_42A830,0042a830,174,undefined sub_42A830()
sub_42A8E0,0042a8e0,234,undefined sub_42A8E0()
sub_42AA60,0042aa60,89,undefined sub_42AA60()
sub_42AAC0,0042aac0,74,undefined sub_42AAC0()
sub_42AB10,0042ab10,54,undefined sub_42AB10()
sub_42AB50,0042ab50,245,undefined sub_42AB50()
sub_42AC50,0042ac50,4815,undefined sub_42AC50()
sub_42BF40,0042bf40,575,undefined sub_42BF40()
sub_42C180,0042c180,732,undefined sub_42C180()
sub_42C460,0042c460,62,undefined sub_42C460()
sub_42C4A0,0042c4a0,478,undefined sub_42C4A0()
sub_42C680,0042c680,260,undefined sub_42C680()
sub_42C790,0042c790,144,undefined sub_42C790()
sub_42C8C0,0042c8c0,20359,undefined sub_42C8C0()
sub_431950,00431950,2159,undefined sub_431950()
sub_435CE0,00435ce0,43,undefined sub_435CE0()
sub_435D10,00435d10,1056,undefined sub_435D10()
sub_436190,00436190,836,undefined sub_436190()
sub_436510,00436510,52,undefined sub_436510()
sub_436550,00436550,458,undefined sub_436550()
sub_436740,00436740,43,undefined sub_436740()
sub_436770,00436770,207,undefined sub_436770()
sub_436840,00436840,80,undefined sub_436840()
sub_436890,00436890,52,undefined sub_436890()
sub_4368D0,004368d0,326,undefined sub_4368D0()
sub_436A20,00436a20,43,undefined sub_436A20()
sub_436A50,00436a50,34,undefined sub_436A50()
sub_436A80,00436a80,480,undefined sub_436A80()
sub_436C60,00436c60,34,undefined sub_436C60()
sub_436CC0,00436cc0,113,undefined sub_436CC0()
sub_436D40,00436d40,229,undefined sub_436D40()
sub_436E30,00436e30,648,undefined sub_436E30()
sub_4370C0,004370c0,452,undefined sub_4370C0()
sub_437290,00437290,157,undefined sub_437290()
sub_437330,00437330,297,undefined sub_437330()
sub_437460,00437460,442,undefined sub_437460()
sub_437620,00437620,408,undefined sub_437620()
sub_4377C0,004377c0,330,undefined sub_4377C0()
sub_437910,00437910,333,undefined sub_437910()
sub_437A60,00437a60,91,undefined sub_437A60()
sub_437AC0,00437ac0,120,undefined sub_437AC0()
sub_437B40,00437b40,323,undefined sub_437B40()
sub_437C90,00437c90,99,undefined sub_437C90()
sub_437D00,00437d00,389,undefined sub_437D00()
sub_437E90,00437e90,79,undefined sub_437E90()
sub_438070,00438070,257,undefined sub_438070()
sub_438180,00438180,1617,undefined sub_438180()
sub_4387E0,004387e0,230,undefined sub_4387E0()
sub_4388D0,004388d0,433,undefined sub_4388D0()
sub_438A90,00438a90,48,undefined sub_438A90()
sub_438AC0,00438ac0,51,undefined sub_438AC0()
sub_438B00,00438b00,53,undefined sub_438B00()
sub_438B40,00438b40,55,undefined sub_438B40()
sub_438B80,00438b80,48,undefined sub_438B80()
sub_438BB0,00438bb0,82,undefined sub_438BB0()
sub_438C10,00438c10,190,undefined sub_438C10()
sub_438CD0,00438cd0,101,undefined sub_438CD0()
sub_438D40,00438d40,199,undefined sub_438D40()
sub_438E10,00438e10,101,undefined sub_438E10()
sub_438E80,00438e80,98,undefined sub_438E80()
sub_438EF0,00438ef0,102,undefined sub_438EF0()
sub_438F60,00438f60,99,undefined sub_438F60()
sub_438FD0,00438fd0,204,undefined sub_438FD0()
sub_4390A0,004390a0,102,undefined sub_4390A0()
sub_439110,00439110,68,undefined sub_439110()
sub_439160,00439160,276,undefined sub_439160()
sub_439280,00439280,176,undefined sub_439280()
sub_439330,00439330,338,undefined sub_439330()
sub_439490,00439490,358,undefined sub_439490()
sub_439600,00439600,1471,undefined sub_439600()
sub_439BC0,00439bc0,860,undefined sub_439BC0()
sub_439F20,00439f20,472,undefined sub_439F20()
sub_43A110,0043a110,1273,undefined sub_43A110()
sub_43A610,0043a610,486,undefined sub_43A610()
sub_43A810,0043a810,976,undefined sub_43A810()
sub_43AC00,0043ac00,217,undefined sub_43AC00()
sub_43AD50,0043ad50,51,undefined sub_43AD50()
sub_43AD90,0043ad90,632,undefined sub_43AD90()
sub_43B010,0043b010,29,undefined sub_43B010()
sub_43B030,0043b030,43,undefined sub_43B030()
sub_43B060,0043b060,26,undefined sub_43B060()
sub_43B080,0043b080,1806,undefined sub_43B080()
sub_43B790,0043b790,258,undefined sub_43B790()
sub_43B8A0,0043b8a0,114,undefined sub_43B8A0()
sub_43B920,0043b920,103,undefined sub_43B920()
sub_43B990,0043b990,1893,undefined sub_43B990()
sub_43C100,0043c100,174,undefined sub_43C100()
sub_43C1B0,0043c1b0,104,undefined sub_43C1B0()
sub_43C220,0043c220,1419,undefined sub_43C220()
sub_43C7B0,0043c7b0,394,undefined sub_43C7B0()
sub_43C940,0043c940,26,undefined sub_43C940()
sub_43C960,0043c960,342,undefined sub_43C960()
sub_545270,0043cb20,5,undefined sub_545270()
sub_545030,0043cb30,5,undefined sub_545030()
sub_43CB40,0043cb40,490,undefined sub_43CB40()
sub_43CD60,0043cd60,24079,undefined sub_43CD60()
sub_442BD0,00442bd0,12166,undefined sub_442BD0()
sub_445BF0,00445bf0,7026,undefined sub_445BF0()
sub_447770,00447770,150625,undefined sub_447770()
sub_4C0EC0,004c0ec0,23969,undefined sub_4C0EC0()
sub_4C6CD0,004c6cd0,12166,undefined sub_4C6CD0()
sub_4C9CF0,004c9cf0,7026,undefined sub_4C9CF0()
sub_4CB870,004cb870,150625,undefined sub_4CB870()
sub_544FC0,00544fc0,112,undefined sub_544FC0()
sub_545030,00545030,260,undefined sub_545030()
sub_545140,00545140,67,undefined sub_545140()
sub_545190,00545190,215,undefined sub_545190()
sub_545270,00545270,210,undefined sub_545270()
sub_545350,00545350,1375,undefined sub_545350()
sub_5458D0,005458d0,811,undefined sub_5458D0()
sub_545C00,00545c00,469,undefined sub_545C00()
sub_545DE0,00545de0,74,undefined sub_545DE0()
sub_545E30,00545e30,127,undefined sub_545E30()
sub_545EB0,00545eb0,132,undefined sub_545EB0()
sub_545F40,00545f40,72,undefined sub_545F40()
sub_545F90,00545f90,78,undefined sub_545F90()
sub_545FE0,00545fe0,32,undefined sub_545FE0()
sub_546000,00546000,56,undefined sub_546000()
sub_546040,00546040,32,undefined sub_546040()
sub_546060,00546060,56,undefined sub_546060()
sub_5460A0,005460a0,30,undefined sub_5460A0()
sub_5460C0,005460c0,16,undefined sub_5460C0()
sub_5460D0,005460d0,101,undefined sub_5460D0()
sub_546140,00546140,39,undefined sub_546140()
sub_546170,00546170,109,undefined sub_546170()
sub_5461E0,005461e0,95,undefined sub_5461E0()
sub_546240,00546240,180,undefined sub_546240()
sub_546300,00546300,86,undefined sub_546300()
sub_546360,00546360,71,undefined sub_546360()
sub_5463B0,005463b0,76,undefined sub_5463B0()
sub_546400,00546400,86,undefined sub_546400()
sub_546460,00546460,104,undefined sub_546460()
sub_5464D0,005464d0,254,undefined sub_5464D0()
sub_5465D0,005465d0,35,undefined sub_5465D0()
sub_546600,00546600,23,undefined sub_546600()
sub_546620,00546620,523,undefined sub_546620()
sub_546830,00546830,170,undefined sub_546830()
sub_546900,00546900,30,undefined sub_546900()
sub_546920,00546920,56,undefined sub_546920()
sub_546960,00546960,34,undefined sub_546960()
sub_546990,00546990,127,undefined sub_546990()
sub_546A10,00546a10,27,undefined sub_546A10()
sub_546A30,00546a30,277,undefined sub_546A30()
sub_546B50,00546b50,22,undefined sub_546B50()
sub_546B70,00546b70,324,undefined sub_546B70()
sub_546CC0,00546cc0,131,undefined sub_546CC0()
sub_546D50,00546d50,81,undefined sub_546D50()
sub_546DB0,00546db0,81,undefined sub_546DB0()
sub_546E10,00546e10,27,undefined sub_546E10()
sub_546E30,00546e30,28,undefined sub_546E30()
sub_546E50,00546e50,77,undefined sub_546E50()
sub_546EA0,00546ea0,604,undefined sub_546EA0()
sub_547100,00547100,225,undefined sub_547100()
sub_5471F0,005471f0,161,undefined sub_5471F0()
sub_5472A0,005472a0,428,undefined sub_5472A0()
sub_547450,00547450,22,undefined sub_547450()
sub_547470,00547470,307,undefined sub_547470()
sub_5475B0,005475b0,258,undefined sub_5475B0()
sub_5476C0,005476c0,70,undefined sub_5476C0()
sub_547710,00547710,58,undefined sub_547710()
sub_547750,00547750,174,undefined sub_547750()
sub_547800,00547800,56,undefined sub_547800()
sub_547840,00547840,67,undefined sub_547840()
sub_547890,00547890,47,undefined sub_547890()
sub_5478C0,005478c0,63,undefined sub_5478C0()
sub_547900,00547900,69,undefined sub_547900()
sub_547950,00547950,25,undefined sub_547950()
sub_547970,00547970,28,undefined sub_547970()
sub_547990,00547990,21,undefined sub_547990()
sub_5479B0,005479b0,47,undefined sub_5479B0()
sub_5479E0,005479e0,62,undefined sub_5479E0()
sub_547A20,00547a20,317,undefined sub_547A20()
sub_547B60,00547b60,150,undefined sub_547B60()
sub_547C00,00547c00,69,undefined sub_547C00()
sub_547C50,00547c50,144,undefined sub_547C50()
sub_547CE0,00547ce0,61,undefined sub_547CE0()
sub_547D20,00547d20,76,undefined sub_547D20()
sub_547D70,00547d70,122,undefined sub_547D70()
sub_547DF0,00547df0,77,undefined sub_547DF0()
sub_547E40,00547e40,50,undefined sub_547E40()
sub_547E80,00547e80,49,undefined sub_547E80()
sub_547EC0,00547ec0,1808,undefined sub_547EC0()
sub_548650,00548650,261,undefined sub_548650()
sub_548760,00548760,61,undefined sub_548760()
sub_5487A0,005487a0,534,undefined sub_5487A0()
sub_5489C0,005489c0,39,undefined sub_5489C0()
sub_5489F0,005489f0,39,undefined sub_5489F0()
sub_548A20,00548a20,314,undefined sub_548A20()
sub_548B60,00548b60,300,undefined sub_548B60()
sub_548C90,00548c90,46,undefined sub_548C90()
sub_548CC0,00548cc0,43,undefined sub_548CC0()
sub_548CF0,00548cf0,274,undefined sub_548CF0()
sub_548E10,00548e10,551,undefined sub_548E10()
sub_549070,00549070,72,undefined sub_549070()
sub_5490C0,005490c0,141,undefined sub_5490C0()
sub_549150,00549150,164,undefined sub_549150()
sub_549200,00549200,109,undefined sub_549200()
sub_549270,00549270,944,undefined sub_549270()
sub_549710,00549710,70,undefined sub_549710()
sub_549760,00549760,77,undefined sub_549760()
sub_5497B0,005497b0,51,undefined sub_5497B0()
sub_5497F0,005497f0,52,undefined sub_5497F0()
sub_549830,00549830,66,undefined sub_549830()
sub_549880,00549880,49,undefined sub_549880()
sub_5498C0,005498c0,188,undefined sub_5498C0()
sub_549980,00549980,21,undefined sub_549980()
sub_5499A0,005499a0,37,undefined sub_5499A0()
sub_5499D0,005499d0,46,undefined sub_5499D0()
sub_549A00,00549a00,102,undefined sub_549A00()
sub_549A70,00549a70,70,undefined sub_549A70()
sub_549AC0,00549ac0,70,undefined sub_549AC0()
sub_549BD0,00549bd0,40,undefined sub_549BD0()
sub_549C00,00549c00,40,undefined sub_549C00()
sub_54A1E0,0054a1e0,144,undefined sub_54A1E0()
sub_54A840,0054a840,41,undefined sub_54A840()
sub_54A870,0054a870,33,undefined sub_54A870()
sub_54AC60,0054ac60,97,undefined sub_54AC60()
sub_54ACD0,0054acd0,94,undefined sub_54ACD0()
sub_54AE20,0054ae20,455,undefined sub_54AE20()
sub_54AFF0,0054aff0,15,undefined sub_54AFF0()
sub_54B590,0054b590,606,undefined sub_54B590()
sub_54B970,0054b970,117,undefined sub_54B970()
sub_54B9F0,0054b9f0,104,undefined sub_54B9F0()
sub_54BA90,0054ba90,54,undefined sub_54BA90()
sub_54BAD0,0054bad0,157,undefined sub_54BAD0()
sub_54BBD0,0054bbd0,45,undefined sub_54BBD0()
sub_54BC00,0054bc00,37,undefined sub_54BC00()
sub_54BC30,0054bc30,911,undefined sub_54BC30()
sub_54BFC0,0054bfc0,1057,undefined sub_54BFC0()
sub_54C3F0,0054c3f0,74,undefined sub_54C3F0()
sub_54C440,0054c440,95,undefined sub_54C440()
sub_54C4A0,0054c4a0,2628,undefined sub_54C4A0()
sub_54CEF0,0054cef0,193,undefined sub_54CEF0()
sub_54CFC0,0054cfc0,268,undefined sub_54CFC0()
sub_54D0D0,0054d0d0,176,undefined sub_54D0D0()
sub_54D180,0054d180,77,undefined sub_54D180()
sub_54D530,0054d530,39,undefined sub_54D530()
sub_54D560,0054d560,179,undefined sub_54D560()
sub_54D880,0054d880,23,undefined sub_54D880()
sub_54D990,0054d990,55,undefined sub_54D990()
sub_54D9D0,0054d9d0,43,undefined sub_54D9D0()
sub_54DAE0,0054dae0,28,undefined sub_54DAE0()
sub_54DC40,0054dc40,53,undefined sub_54DC40()
sub_54DC80,0054dc80,53,undefined sub_54DC80()
sub_54DE00,0054de00,192,undefined sub_54DE00()
sub_54DF30,0054df30,174,undefined sub_54DF30()
sub_54E050,0054e050,49,undefined sub_54E050()
sub_54E120,0054e120,40,undefined sub_54E120()
sub_54E1C0,0054e1c0,23,undefined sub_54E1C0()
sub_54E1E0,0054e1e0,67,undefined sub_54E1E0()
sub_54E230,0054e230,54,undefined sub_54E230()
sub_54E270,0054e270,86,undefined sub_54E270()
sub_54E2D0,0054e2d0,68,undefined sub_54E2D0()
sub_54E320,0054e320,113,undefined sub_54E320()
sub_54E400,0054e400,34,undefined sub_54E400()
sub_54E480,0054e480,36,undefined sub_54E480()
sub_54E4D0,0054e4d0,485,undefined sub_54E4D0()
sub_54E6C0,0054e6c0,92,undefined sub_54E6C0()
sub_54E790,0054e790,38,undefined sub_54E790()
sub_54E7C0,0054e7c0,65,undefined sub_54E7C0()
sub_54E810,0054e810,43,undefined sub_54E810()
sub_54E840,0054e840,22,undefined sub_54E840()
sub_54E860,0054e860,23,undefined sub_54E860()
sub_54E910,0054e910,23,undefined sub_54E910()
sub_54E930,0054e930,23,undefined sub_54E930()
sub_54E9E0,0054e9e0,30,undefined sub_54E9E0()
sub_54EA00,0054ea00,29,undefined sub_54EA00()
sub_54EA80,0054ea80,33,undefined sub_54EA80()
sub_54EAB0,0054eab0,33,undefined sub_54EAB0()
sub_54EAE0,0054eae0,33,undefined sub_54EAE0()
sub_54EED0,0054eed0,126,undefined sub_54EED0()
sub_54F0D0,0054f0d0,125,undefined sub_54F0D0()
sub_54F150,0054f150,106,undefined sub_54F150()
sub_54F1C0,0054f1c0,125,undefined sub_54F1C0()
sub_54F290,0054f290,96,undefined sub_54F290()
sub_54F2F0,0054f2f0,149,undefined sub_54F2F0()
sub_54F390,0054f390,95,undefined sub_54F390()
sub_54F3F0,0054f3f0,60,undefined sub_54F3F0()
sub_54F430,0054f430,60,undefined sub_54F430()
sub_54F470,0054f470,63,undefined sub_54F470()
sub_54F4B0,0054f4b0,70,undefined sub_54F4B0()
sub_54F500,0054f500,71,undefined sub_54F500()
sub_54F610,0054f610,50,undefined sub_54F610()
sub_54F960,0054f960,61,undefined sub_54F960()
sub_54F9A0,0054f9a0,72,undefined sub_54F9A0()
sub_54FAD0,0054fad0,112,undefined sub_54FAD0()
sub_54FB40,0054fb40,40,undefined sub_54FB40()
sub_54FBD0,0054fbd0,40,undefined sub_54FBD0()
sub_54FC00,0054fc00,25,undefined sub_54FC00()
sub_54FC20,0054fc20,30,undefined sub_54FC20()
sub_54FD60,0054fd60,89,undefined sub_54FD60()
sub_54FE00,0054fe00,58,undefined sub_54FE00()
sub_54FE40,0054fe40,85,undefined sub_54FE40()
sub_54FEA0,0054fea0,62,undefined sub_54FEA0()
sub_54FFE0,0054ffe0,25,undefined sub_54FFE0()
sub_550020,00550020,19,undefined sub_550020()
sub_550040,00550040,19,undefined sub_550040()
sub_550060,00550060,98,undefined sub_550060()
sub_550160,00550160,70,undefined sub_550160()
sub_5501B0,005501b0,28,undefined sub_5501B0()
sub_5501D0,005501d0,948,undefined sub_5501D0()
sub_550600,00550600,139,undefined sub_550600()
sub_550690,00550690,130,undefined sub_550690()
sub_550790,00550790,135,undefined sub_550790()
sub_550820,00550820,144,undefined sub_550820()
sub_5508B0,005508b0,25,undefined sub_5508B0()
sub_5508D0,005508d0,28,undefined sub_5508D0()
sub_5508F0,005508f0,24,undefined sub_5508F0()
sub_550940,00550940,24,undefined sub_550940()
sub_5509A0,005509a0,66,undefined sub_5509A0()
sub_5509F0,005509f0,647,undefined sub_5509F0()
sub_550E60,00550e60,6118,undefined sub_550E60()
caseD_2d,00551a4b,62,undefined caseD_2d()
sub_552D90,00552d90,35,undefined sub_552D90()
sub_552DC0,00552dc0,63,undefined sub_552DC0()
sub_552E00,00552e00,42,undefined sub_552E00()
sub_5530B0,005530b0,74,undefined sub_5530B0()
sub_553100,00553100,74,undefined sub_553100()
sub_553150,00553150,26,undefined sub_553150()
sub_553170,00553170,89,undefined sub_553170()
sub_5533F0,005533f0,489,undefined sub_5533F0()
sub_5536D0,005536d0,17,undefined sub_5536D0()
sub_5537D0,005537d0,18,undefined sub_5537D0()
sub_553900,00553900,28,undefined sub_553900()
sub_553920,00553920,46,undefined sub_553920()
sub_553950,00553950,46,undefined sub_553950()
sub_553980,00553980,46,undefined sub_553980()
sub_5539B0,005539b0,46,undefined sub_5539B0()
sub_5539E0,005539e0,46,undefined sub_5539E0()
sub_553A10,00553a10,40,undefined sub_553A10()
sub_553A40,00553a40,32,undefined sub_553A40()
sub_553A60,00553a60,37,undefined sub_553A60()
sub_553A90,00553a90,34,undefined sub_553A90()
sub_553AC0,00553ac0,29,undefined sub_553AC0()
sub_553AE0,00553ae0,25,undefined sub_553AE0()
sub_553B20,00553b20,40,undefined sub_553B20()
sub_553B50,00553b50,40,undefined sub_553B50()
sub_553B80,00553b80,40,undefined sub_553B80()
sub_553BB0,00553bb0,40,undefined sub_553BB0()
sub_553BE0,00553be0,40,undefined sub_553BE0()
sub_553C10,00553c10,113,undefined sub_553C10()
sub_553C90,00553c90,30,undefined sub_553C90()
sub_553CB0,00553cb0,29,undefined sub_553CB0()
sub_553CD0,00553cd0,29,undefined sub_553CD0()
sub_553CF0,00553cf0,30,undefined sub_553CF0()
sub_553D10,00553d10,36,undefined sub_553D10()
sub_553D40,00553d40,50,undefined sub_553D40()
sub_553E10,00553e10,51,undefined sub_553E10()
sub_553E50,00553e50,37,undefined sub_553E50()
sub_553E80,00553e80,37,undefined sub_553E80()
sub_553EB0,00553eb0,51,undefined sub_553EB0()
sub_553F10,00553f10,88,undefined sub_553F10()
sub_553F70,00553f70,274,undefined sub_553F70()
sub_554090,00554090,274,undefined sub_554090()
sub_5541B0,005541b0,196,undefined sub_5541B0()
sub_5544D0,005544d0,22,undefined sub_5544D0()
sub_5544F0,005544f0,62,undefined sub_5544F0()
sub_554530,00554530,143,undefined sub_554530()
sub_5545C0,005545c0,911,undefined sub_5545C0()
sub_554990,00554990,40,undefined sub_554990()
sub_5549C0,005549c0,77,undefined sub_5549C0()
sub_554A70,00554a70,92,undefined sub_554A70()
sub_554AD0,00554ad0,109,undefined sub_554AD0()
sub_554D50,00554d50,69,undefined sub_554D50()
sub_554FC0,00554fc0,113,undefined sub_554FC0()
sub_555090,00555090,22,undefined sub_555090()
sub_5550B0,005550b0,24,undefined sub_5550B0()
sub_5550D0,005550d0,30,undefined sub_5550D0()
sub_5550F0,005550f0,28,undefined sub_5550F0()
sub_555140,00555140,4418,undefined sub_555140()
sub_556340,00556340,113,undefined sub_556340()
sub_5563F0,005563f0,277,undefined sub_5563F0()
sub_556510,00556510,8815,undefined sub_556510()
sub_558820,00558820,94,undefined sub_558820()
sub_558880,00558880,920,undefined sub_558880()
sub_558C30,00558c30,94,undefined sub_558C30()
sub_558C90,00558c90,149,undefined sub_558C90()
sub_558D30,00558d30,57,undefined sub_558D30()
sub_558D70,00558d70,57,undefined sub_558D70()
sub_558DB0,00558db0,222,undefined sub_558DB0()
sub_558E90,00558e90,245,undefined sub_558E90()
sub_558FF0,00558ff0,1129,undefined sub_558FF0()
sub_559459,00559459,1517,undefined sub_559459()
sub_559A46,00559a46,1702,undefined sub_559A46()
sub_55A6D0,0055a6d0,2250,undefined sub_55A6D0()
sub_55AF9A,0055af9a,2266,undefined sub_55AF9A()
sub_55B874,0055b874,2250,undefined sub_55B874()
sub_55C13E,0055c13e,2266,undefined sub_55C13E()
sub_55CA18,0055ca18,2302,undefined sub_55CA18()
sub_55D316,0055d316,2302,undefined sub_55D316()
sub_55DC20,0055dc20,3222,undefined sub_55DC20()
sub_55E8B6,0055e8b6,3238,undefined sub_55E8B6()
sub_55F55C,0055f55c,3222,undefined sub_55F55C()
sub_5601F2,005601f2,3238,undefined sub_5601F2()
sub_560EA0,00560ea0,1131,undefined sub_560EA0()
DirectDrawEnumerateA,0056130c,6,undefined DirectDrawEnumerateA()
DirectDrawEnumerateExA,00561312,6,undefined DirectDrawEnumerateExA()
DirectDrawCreate,00561318,6,undefined DirectDrawCreate()
DirectInputCreateA,0056131e,6,undefined DirectInputCreateA()
sub_5625F0,005625f0,23,undefined sub_5625F0()
sub_562608,00562608,56,undefined sub_562608()
sub_562640,00562640,109,undefined sub_562640()
sub_5626AD,005626ad,18,undefined sub_5626AD()
__ftol,005626f0,39,undefined __ftol()
sub_562717,00562717,82,undefined sub_562717()
sub_562769,00562769,52,undefined sub_562769()
sub_56279D,0056279d,156,undefined sub_56279D()
sub_562840,00562840,47,undefined sub_562840()
sub_56286F,0056286f,77,undefined sub_56286F()
sub_5628BC,005628bc,47,undefined sub_5628BC()
sub_5628EB,005628eb,86,undefined sub_5628EB()
sub_562941,00562941,11,undefined sub_562941()
sub_56294C,0056294c,140,undefined sub_56294C()
operator_new,005629d8,14,void * operator_new(uint param_1)
sub_5629E6,005629e6,232,undefined sub_5629E6()
sub_562ACE,00562ace,32,undefined sub_562ACE()
sub_562AEE,00562aee,19,undefined sub_562AEE()
_malloc,00562b01,18,void * _malloc(size_t _Size)
__nh_malloc,00562b13,44,void * __nh_malloc(size_t _Size; int _NhFlag)
sub_562B3F,00562b3f,54,undefined sub_562B3F()
sub_562B75,00562b75,266,undefined sub_562B75()
sub_562C7F,00562c7f,67,undefined sub_562C7F()
sub_562CC2,00562cc2,48,undefined sub_562CC2()
sub_562CF2,00562cf2,81,undefined sub_562CF2()
_strncpy,00562d50,254,char * _strncpy(char * _Dest; char * _Source; size_t _Count)
sub_562E4E,00562e4e,45,undefined sub_562E4E()
sub_562E7B,00562e7b,40,undefined sub_562E7B()
sub_562EA3,00562ea3,46,undefined sub_562EA3()
_strncmp,00562ee0,56,int _strncmp(char * _Str1; char * _Str2; size_t _MaxCount)
sub_562F18,00562f18,45,undefined sub_562F18()
sub_562F4C,00562f4c,7,undefined sub_562F4C()
sub_562F53,00562f53,7,undefined sub_562F53()
sub_562F5A,00562f5a,79,undefined sub_562F5A()
sub_562FA9,00562fa9,54,undefined sub_562FA9()
sub_562FDF,00562fdf,84,undefined sub_562FDF()
sub_563033,00563033,37,undefined sub_563033()
sub_563058,00563058,180,undefined sub_563058()
sub_56310C,0056310c,114,undefined sub_56310C()
sub_563181,00563181,123,undefined sub_563181()
__global_unwind2,005631fc,32,undefined __global_unwind2()
__local_unwind2,0056323e,104,undefined __local_unwind2()
__abnormal_termination,005632a6,35,int __abnormal_termination(void)
__NLG_Notify1,005632c9,9,undefined __NLG_Notify1()
sub_5632D2,005632d2,24,undefined sub_5632D2()
sub_5632EA,005632ea,21,undefined sub_5632EA()
sub_5632FF,005632ff,28,undefined sub_5632FF()
__CxxThrowException@8,0056331b,58,undefined __CxxThrowException@8()
sub_563360,00563360,25,undefined sub_563360()
sub_563382,00563382,467,undefined sub_563382()
sub_563555,00563555,40,undefined sub_563555()
sub_563580,00563580,664,undefined sub_563580()
sub_5638B5,005638b5,59,undefined sub_5638B5()
sub_5638F0,005638f0,92,undefined sub_5638F0()
flsall,00563955,109,undefined flsall()
sub_5639C2,005639c2,344,undefined sub_5639C2()
sub_563B1A,00563b1a,68,undefined sub_563B1A()
_strrchr,00563b60,39,char * _strrchr(char * _Str; int _Ch)
sub_563B87,00563b87,45,undefined sub_563B87()
sub_563BB4,00563bb4,17,undefined sub_563BB4()
__exit,00563bc5,17,void __exit(int _Code)
sub_563BD6,00563bd6,153,undefined sub_563BD6()
sub_563C6F,00563c6f,26,undefined sub_563C6F()
sub_563C89,00563c89,30,undefined sub_563C89()
sub_563CA7,00563ca7,49,undefined sub_563CA7()
__alldiv,00563ce0,170,undefined __alldiv()
__allmul,00563d90,52,undefined __allmul()
sub_563DC4,00563dc4,24,undefined sub_563DC4()
sub_563DDC,00563ddc,34,undefined sub_563DDC()
sub_563EC5,00563ec5,27,undefined sub_563EC5()
entry,00563ee0,235,undefined entry()
__amsg_exit,00563fd6,34,void __amsg_exit(int param_1)
sub_563FFB,00563ffb,35,undefined sub_563FFB()
sub_56401F,0056401f,18,undefined sub_56401F()
sub_564031,00564031,62,undefined sub_564031()
sub_56406F,0056406f,41,undefined sub_56406F()
sub_564098,00564098,90,undefined sub_564098()
__fassign,00564158,62,void __fassign(int flag; char * argument; char * number)
sub_564196,00564196,260,undefined sub_564196()
sub_56429A,0056429a,222,undefined sub_56429A()
sub_564378,00564378,155,undefined sub_564378()
sub_564413,00564413,39,undefined sub_564413()
sub_56443A,0056443a,35,undefined sub_56443A()
__cfltcvt,0056445d,81,errno_t __cfltcvt(double * arg; char * buffer; size_t sizeInBytes; int format; int precision; int caps)
sub_5644AE,005644ae,37,undefined sub_5644AE()
sub_5644D3,005644d3,288,undefined sub_5644D3()
sub_5645F3,005645f3,41,undefined sub_5645F3()
sub_56461C,0056461c,277,undefined sub_56461C()
sub_564731,00564731,1825,undefined sub_564731()
sub_564E72,00564e72,53,undefined sub_564E72()
sub_564EA7,00564ea7,49,undefined sub_564EA7()
sub_564ED8,00564ed8,56,undefined sub_564ED8()
sub_564F10,00564f10,13,undefined sub_564F10()
sub_564F1D,00564f1d,16,undefined sub_564F1D()
sub_564F2D,00564f2d,14,undefined sub_564F2D()
sub_564F3B,00564f3b,2597,undefined sub_564F3B()
sub_565960,00565960,55,undefined sub_565960()
sub_565997,00565997,26,undefined sub_565997()
sub_5659B1,005659b1,23,undefined sub_5659B1()
sub_5659C8,005659c8,36,undefined sub_5659C8()
_strlen,005659f0,123,size_t _strlen(char * _Str)
sub_565A6B,00565a6b,145,undefined sub_565A6B()
sub_565AFC,00565afc,117,undefined sub_565AFC()
sub_565B71,00565b71,60,undefined sub_565B71()
sub_565BAD,00565bad,62,undefined sub_565BAD()
sub_565BEB,00565beb,43,undefined sub_565BEB()
sub_565C16,00565c16,811,undefined sub_565C16()
sub_565F41,00565f41,777,undefined sub_565F41()
sub_56624A,0056624a,177,undefined sub_56624A()
sub_5662FB,005662fb,251,undefined sub_5662FB()
sub_5663F6,005663f6,758,undefined sub_5663F6()
sub_5666EC,005666ec,179,undefined sub_5666EC()
__freebuf,0056679f,43,void __freebuf(FILE * _File)
sub_5667CA,005667ca,154,undefined sub_5667CA()
sub_566864,00566864,511,undefined sub_566864()
sub_566A88,00566a88,43,undefined sub_566A88()
sub_566AB3,00566ab3,217,undefined sub_566AB3()
sub_566B8C,00566b8c,502,undefined sub_566B8C()
sub_566D90,00566d90,664,undefined sub_566D90()
sub_5670C5,005670c5,368,undefined sub_5670C5()
sub_567235,00567235,120,undefined sub_567235()
sub_5672AD,005672ad,27,undefined sub_5672AD()
sub_5672C8,005672c8,429,undefined sub_5672C8()
sub_567475,00567475,141,undefined sub_567475()
sub_567502,00567502,61,undefined sub_567502()
sub_5675F8,005675f8,155,undefined sub_5675F8()
sub_567693,00567693,423,undefined sub_567693()
sub_56783A,0056783a,168,undefined sub_56783A()
sub_5678E2,005678e2,93,undefined sub_5678E2()
sub_56793F,0056793f,132,undefined sub_56793F()
sub_5679F3,005679f3,123,undefined sub_5679F3()
sub_567A6E,00567a6e,156,undefined sub_567A6E()
sub_567B34,00567b34,70,undefined sub_567B34()
sub_567BA4,00567ba4,440,undefined sub_567BA4()
sub_567D68,00567d68,86,undefined sub_567D68()
sub_567DCF,00567dcf,35,undefined sub_567DCF()
__CallSettingFrame@12,00567e00,76,undefined __CallSettingFrame@12()
sub_567E4C,00567e4c,79,undefined sub_567E4C()
sub_567EA2,00567ea2,79,undefined sub_567EA2()
_strcmp,00567f00,129,int _strcmp(char * _Str1; char * _Str2)
sub_567F84,00567f84,70,undefined sub_567F84()
sub_56814E,0056814e,114,undefined sub_56814E()
sub_5682F8,005682f8,5,undefined sub_5682F8()
sub_568306,00568306,5,undefined sub_568306()
sub_5683D0,005683d0,23,undefined sub_5683D0()
__startOneArgErrorHandling,005683e7,60,undefined __startOneArgErrorHandling()
sub_568430,00568430,21,undefined sub_568430()
sub_568445,00568445,23,undefined sub_568445()
__fload_withFB,00568475,67,undefined __fload_withFB()
sub_5684CE,005684ce,13,undefined sub_5684CE()
sub_568519,00568519,163,undefined sub_568519()
sub_5685BC,005685bc,304,undefined sub_5685BC()
sub_5686EC,005686ec,101,undefined sub_5686EC()
sub_568751,00568751,87,undefined sub_568751()
sub_5687A8,005687a8,427,undefined sub_5687A8()
sub_568953,00568953,103,undefined sub_568953()
sub_5689BA,005689ba,144,undefined sub_5689BA()
sub_568A4A,00568a4a,391,undefined sub_568A4A()
sub_568BD1,00568bd1,321,undefined sub_568BD1()
sub_568D12,00568d12,67,undefined sub_568D12()
sub_568D55,00568d55,88,undefined sub_568D55()
sub_568DAD,00568dad,185,undefined sub_568DAD()
sub_568E66,00568e66,153,undefined sub_568E66()
sub_568EFF,00568eff,436,undefined sub_568EFF()
sub_5690B3,005690b3,306,undefined sub_5690B3()
sub_5691E5,005691e5,57,undefined sub_5691E5()
sub_56921E,0056921e,339,undefined sub_56921E()
sub_569371,00569371,53,undefined sub_569371()
sub_5693A6,005693a6,22,undefined sub_5693A6()
sub_5693BC,005693bc,146,undefined sub_5693BC()
sub_56944E,0056944e,137,undefined sub_56944E()
sub_5694D7,005694d7,203,undefined sub_5694D7()
sub_5695A2,005695a2,73,undefined sub_5695A2()
sub_5695EB,005695eb,86,undefined sub_5695EB()
sub_569641,00569641,140,undefined sub_569641()
sub_5696CD,005696cd,27,undefined sub_5696CD()
sub_5696E8,005696e8,12,undefined sub_5696E8()
sub_5696F4,005696f4,27,undefined sub_5696F4()
sub_56970F,0056970f,141,undefined sub_56970F()
sub_56979C,0056979c,364,undefined sub_56979C()
sub_569908,00569908,22,undefined sub_569908()
sub_56991E,0056991e,22,undefined sub_56991E()
sub_569934,00569934,45,undefined sub_569934()
sub_569961,00569961,45,undefined sub_569961()
sub_569990,00569990,7,undefined sub_569990()
sub_5699A0,005699a0,224,undefined sub_5699A0()
sub_569A80,00569a80,119,undefined sub_569A80()
sub_569AF7,00569af7,100,undefined sub_569AF7()
sub_569B5B,00569b5b,182,undefined sub_569B5B()
_memset,00569c20,88,void * _memset(void * _Dst; int _Val; size_t _Size)
sub_569C78,00569c78,9,undefined sub_569C78()
sub_569C81,00569c81,68,undefined sub_569C81()
sub_569CC5,00569cc5,38,undefined sub_569CC5()
sub_569CEB,00569ceb,104,undefined sub_569CEB()
__aulldiv,00569d60,104,undefined __aulldiv()
__aullrem,00569dd0,117,undefined __aullrem()
sub_569E45,00569e45,200,undefined sub_569E45()
__allshl,00569f10,31,undefined __allshl()
sub_569F2F,00569f2f,110,undefined sub_569F2F()
sub_569F9D,00569f9d,1185,undefined sub_569F9D()
sub_56A46E,0056a46e,318,undefined sub_56A46E()
sub_56A5B7,0056a5b7,149,undefined sub_56A5B7()
sub_56A64C,0056a64c,119,undefined sub_56A64C()
sub_56A6C3,0056a6c3,122,undefined sub_56A6C3()
sub_56A73D,0056a73d,61,undefined sub_56A73D()
sub_56A77A,0056a77a,697,undefined sub_56A77A()
sub_56AA33,0056aa33,125,undefined sub_56AA33()
sub_56AB08,0056ab08,28,undefined sub_56AB08()
sub_56AB24,0056ab24,28,undefined sub_56AB24()
sub_56AB40,0056ab40,24,undefined sub_56AB40()
sub_56AB58,0056ab58,23,undefined sub_56AB58()
sub_56AB70,0056ab70,279,undefined sub_56AB70()
sub_56B361,0056b361,21,undefined sub_56B361()
sub_56B8FB,0056b8fb,208,undefined sub_56B8FB()
sub_56B9CB,0056b9cb,41,undefined sub_56B9CB()
sub_56B9F4,0056b9f4,90,undefined sub_56B9F4()
sub_56BA4E,0056ba4e,193,undefined sub_56BA4E()
__frnd,0056bb0f,18,undefined __frnd()
sub_56BB21,0056bb21,146,undefined sub_56BB21()
sub_56BBB3,0056bbb3,177,undefined sub_56BBB3()
sub_56BC64,0056bc64,17,undefined sub_56BC64()
sub_56BC75,0056bc75,49,undefined sub_56BC75()
sub_56BCA6,0056bca6,409,undefined sub_56BCA6()
sub_56BE3F,0056be3f,74,undefined sub_56BE3F()
sub_56BE89,0056be89,51,undefined sub_56BE89()
sub_56BEBC,0056bebc,41,undefined sub_56BEBC()
sub_56BEE5,0056bee5,389,undefined sub_56BEE5()
sub_56C06A,0056c06a,28,undefined sub_56C06A()
sub_56C086,0056c086,137,undefined sub_56C086()
sub_56C10F,0056c10f,33,undefined sub_56C10F()
___add_12,0056c130,94,undefined ___add_12()
sub_56C18E,0056c18e,46,undefined sub_56C18E()
sub_56C1BC,0056c1bc,45,undefined sub_56C1BC()
sub_56C1E9,0056c1e9,199,undefined sub_56C1E9()
sub_56C2B0,0056c2b0,659,undefined sub_56C2B0()
sub_56C543,0056c543,544,undefined sub_56C543()
sub_56C763,0056c763,124,undefined sub_56C763()
sub_56C7DF,0056c7df,326,undefined sub_56C7DF()
sub_56C925,0056c925,301,undefined sub_56C925()
sub_56CA52,0056ca52,69,undefined sub_56CA52()
sub_56CA97,0056ca97,691,undefined sub_56CA97()
sub_56CD4A,0056cd4a,535,undefined sub_56CD4A()
sub_56CF61,0056cf61,38,undefined sub_56CF61()
sub_56CF87,0056cf87,3,undefined sub_56CF87()
sub_56CF8A,0056cf8a,14,undefined sub_56CF8A()
sub_56CF98,0056cf98,15,undefined sub_56CF98()
sub_56CFA7,0056cfa7,35,undefined sub_56CFA7()
sub_56CFCA,0056cfca,86,undefined sub_56CFCA()
sub_56D020,0056d020,118,undefined sub_56D020()
sub_56D0A0,0056d0a0,89,undefined sub_56D0A0()
sub_56D0FA,0056d0fa,100,undefined sub_56D0FA()
sub_56D16B,0056d16b,29,undefined sub_56D16B()
sub_56D188,0056d188,61,undefined sub_56D188()
sub_56D1C5,0056d1c5,28,undefined sub_56D1C5()
sub_56D1E1,0056d1e1,93,undefined sub_56D1E1()
sub_56D23E,0056d23e,61,undefined sub_56D23E()
sub_56D27B,0056d27b,29,undefined sub_56D27B()
sub_56D2B4,0056d2b4,24,undefined sub_56D2B4()
sub_56D2CC,0056d2cc,89,undefined sub_56D2CC()
sub_56D326,0056d326,61,undefined sub_56D326()
sub_56D363,0056d363,29,undefined sub_56D363()
sub_56D39C,0056d39c,24,undefined sub_56D39C()
sub_56D3B4,0056d3b4,53,undefined sub_56D3B4()
sub_56D413,0056d413,12,undefined sub_56D413()
sub_56D41F,0056d41f,12,undefined sub_56D41F()
RtlUnwind,0056d42c,6,void RtlUnwind(PVOID TargetFrame; PVOID TargetIp; PEXCEPTION_RECORD ExceptionRecord; PVOID ReturnValue)
sub_56D440,0056d440,173,undefined sub_56D440()
sub_56D4ED,0056d4ed,43,undefined sub_56D4ED()
__strcmpi,0056d520,140,int __strcmpi(char * _Str1; char * _Str2)
sub_56D5AC,0056d5ac,28,undefined sub_56D5AC()
sub_56D5C8,0056d5c8,61,undefined sub_56D5C8()
sub_56D605,0056d605,74,undefined sub_56D605()
~exception,0056d64f,22,void ~exception(exception * this)
sub_56D674,0056d674,31,undefined sub_56D674()
Unwind@0056d6a0,0056d6a0,11,undefined Unwind@0056d6a0()
Unwind@0056d6ab,0056d6ab,8,undefined Unwind@0056d6ab()
Unwind@0056d6c0,0056d6c0,8,undefined Unwind@0056d6c0()
Unwind@0056d6e0,0056d6e0,8,undefined Unwind@0056d6e0()
Unwind@0056d700,0056d700,11,undefined Unwind@0056d700()
Unwind@0056d70b,0056d70b,11,undefined Unwind@0056d70b()
Unwind@0056d720,0056d720,11,undefined Unwind@0056d720()
Unwind@0056d740,0056d740,11,undefined Unwind@0056d740()
Unwind@0056d74b,0056d74b,11,undefined Unwind@0056d74b()
Unwind@0056d760,0056d760,11,undefined Unwind@0056d760()
Unwind@0056d76b,0056d76b,8,undefined Unwind@0056d76b()
Unwind@0056d780,0056d780,11,undefined Unwind@0056d780()
Unwind@0056d78b,0056d78b,11,undefined Unwind@0056d78b()
Unwind@0056d796,0056d796,8,undefined Unwind@0056d796()
Unwind@0056d7b0,0056d7b0,8,undefined Unwind@0056d7b0()
Unwind@0056d7b8,0056d7b8,11,undefined Unwind@0056d7b8()
Unwind@0056d7d0,0056d7d0,8,undefined Unwind@0056d7d0()
Unwind@0056d7d8,0056d7d8,11,undefined Unwind@0056d7d8()
Unwind@0056d7f0,0056d7f0,8,undefined Unwind@0056d7f0()
Unwind@0056d7f8,0056d7f8,11,undefined Unwind@0056d7f8()
Unwind@0056d810,0056d810,8,undefined Unwind@0056d810()
Unwind@0056d818,0056d818,11,undefined Unwind@0056d818()
Unwind@0056d830,0056d830,8,undefined Unwind@0056d830()
Unwind@0056d838,0056d838,11,undefined Unwind@0056d838()
Unwind@0056d860,0056d860,8,undefined Unwind@0056d860()
Unwind@0056d868,0056d868,8,undefined Unwind@0056d868()
Unwind@0056d870,0056d870,8,undefined Unwind@0056d870()
Unwind@0056d890,0056d890,8,undefined Unwind@0056d890()
Unwind@0056d8b0,0056d8b0,8,undefined Unwind@0056d8b0()
Unwind@0056d8b8,0056d8b8,8,undefined Unwind@0056d8b8()
Unwind@0056d8c0,0056d8c0,8,undefined Unwind@0056d8c0()
Unwind@0056d8e0,0056d8e0,11,undefined Unwind@0056d8e0()
Unwind@0056d8eb,0056d8eb,11,undefined Unwind@0056d8eb()
Unwind@0056d8f6,0056d8f6,8,undefined Unwind@0056d8f6()
Unwind@0056d908,0056d908,8,undefined Unwind@0056d908()
Unwind@0056d91c,0056d91c,8,undefined Unwind@0056d91c()
Unwind@0056d930,0056d930,8,undefined Unwind@0056d930()
Unwind@0056d944,0056d944,8,undefined Unwind@0056d944()
Unwind@0056d958,0056d958,8,undefined Unwind@0056d958()
Unwind@0056d96c,0056d96c,8,undefined Unwind@0056d96c()
Unwind@0056d980,0056d980,8,undefined Unwind@0056d980()
